{"MusicVolume":0.013888889,"SoundEffectsVolume":0.0069444445,"CompletedLevels":2,"HighScores":{"1":[59,34],"2":[96,346]}}